{"schemaVersion":"1.0","appDefinitionTemplate":{"id":"/providers/Microsoft.PowerApps/apps/","type":"Microsoft.PowerApps/apps","tags":{"primaryDeviceWidth":"1366","primaryDeviceHeight":"768","sienaVersion":"20200330T174948Z-3.20023.6.0","deviceCapabilities":"","supportsPortrait":"false","supportsLandscape":"true","primaryFormFactor":"Tablet","publisherVersion":"3.20023.6","minimumRequiredApiVersion":"2.2.0","hasComponent":"true","hasUnlockedComponent":"true"},"properties":{"appVersion":"2020-03-30T17:49:48Z","lifeCycleId":"Published","createdByClientVersion":{"major":3,"minor":20023,"build":6,"revision":0,"majorRevision":0,"minorRevision":0},"minClientVersion":{"major":3,"minor":20023,"build":6,"revision":0,"majorRevision":0,"minorRevision":0},"backgroundColor":"rgba(129, 42, 141, 1)","backgroundImageUri":"/15936143022626646166/N638639e1-bdc4-41c3-8b63-7fe6c5e70275-logoSmallFile","displayName":"Snakes and Ladder","description":"","commitMessage":"","appUris":{"documentUri":{"value":"/15936143022626646166/N9a9a16a1-d0bf-44ff-87d8-e2dadcb72df6-document.msapp","readonlyValue":"/15936143022626646166/N9a9a16a1-d0bf-44ff-87d8-e2dadcb72df6-document.msapp"},"imageUris":[]},"createdTime":"0001-01-01T00:00:00Z","lastModifiedTime":"0001-01-01T00:00:00Z","sharedGroupsCount":0,"sharedUsersCount":0,"icons":{"smallIconUri":"/15936143022626646166/Nc42fbbe3-9976-4ce7-973d-cd51e0f0bd21-small.png","mediumIconUri":"/15936143022626646166/N67b26169-1477-4c45-a3f8-23a8be9275e7-medium.png","largeIconUri":"/15936143022626646166/Naf889f36-70f9-49e4-86dc-ac6e2e4caf26-large.png","wideIconUri":"/15936143022626646166/N470a0853-dbff-4d1e-8d8e-d2f8774c7de6-wide.png"},"connectionReferences":{},"databaseReferences":{},"almMode":"Solution","performanceOptimizationEnabled":false,"canConsumeAppPass":true},"isAppComponentLibrary":false,"appType":"ClassicCanvasApp","appComponents":[]}}